timestamp,memberID,inGameName,fanCount,clubStatus
2025/08/08 23:45,"136,916,624,276",CashBaggins,"22,710,307",Active
2025/08/08 23:45,"858,827,110,578",Claimses,"22,400,912",Active
2025/08/08 23:45,"501,946,555,879",GhostlyInsomnia,"37,887,398",Active
2025/08/08 23:45,"903,049,412,215",Top,"20,986,887",Active
2025/08/08 23:45,"974,000,987,296",WaveofGratitude,"4,182,525",Active
2025/08/08 23:45,"233,326,457,991",Kino,"9,678,234",Active
2025/08/08 23:45,"218,920,851,907",Dill Dough,"32,037,109",Active
2025/08/08 23:45,"880,360,629,036",Gearras,"27,854,940",Active
2025/08/08 23:45,"336,227,182,745",Keyevin,"10,798,672",Active
2025/08/08 23:45,"773,711,119,119",Magnos,"28,247,814",Pending
2025/08/08 23:45,"759,332,989,174",Pygums,"33,838,338",Active
2025/08/08 23:45,"798,189,422,300",Ray,"23,176,520",Active
2025/08/08 23:45,"461,448,286,660",Walzy,"8,748,349",Active
2025/08/08 23:45,"672,866,355,033",Epidemic,"73,147,295",Active
2025/08/08 23:45,"820,033,818,439",d,"42,476,849",Active
2025/08/09 1:01,"877,841,519,612",Yuto,"51,458,466",Active
2025/08/09 7:31,"475,657,967,902",gumgum,"20,431,512",Active
2025/08/09 7:31,"671,913,981,458",Eunoia,"14,392,516",Active
2025/08/09 8:03,"751,211,063,525",Smokee,"21,658,147",Pending
2025/08/09 8:03,"192,341,494,286",paxmix,"24,719,313",Pending
2025/08/09 8:40,"136,916,624,276",CashBaggins,"24,167,369",Active
2025/08/09 8:40,"903,049,412,215",Top,"21,105,762",Active
2025/08/09 8:40,"974,000,987,296",WaveofGratitude,"4,949,294",Active
2025/08/09 8:40,"501,946,555,879",GhostlyInsomnia,"39,142,366",Active
2025/08/09 8:40,"233,326,457,991",Kino,"10,728,330",Active
2025/08/09 8:40,"858,827,110,578",Claimses,"22,605,732",Active
2025/08/09 8:40,"820,033,818,439",d,"42,481,963",Active
2025/08/09 8:40,"877,841,519,612",Yuto,"52,014,009",Active
2025/08/09 8:40,"218,920,851,907",Dill Dough,"34,019,174",Active
2025/08/09 8:40,"759,332,989,174",Pygums,"33,914,691",Active
2025/08/09 8:40,"671,913,981,458",Eunoia,"15,666,218",Active
2025/08/09 8:40,"461,448,286,660",Walzy,"9,280,624",Active
2025/08/09 8:40,"336,227,182,745",Keyevin,"11,158,927",Active
2025/08/09 8:40,"475,657,967,902",gumgum,"20,431,512",Active
2025/08/09 8:40,"751,211,063,525",Smokee,"22,807,576",Pending
2025/08/09 8:40,"798,189,422,300",Ray,"23,908,910",Active
2025/08/09 8:40,"192,341,494,286",paxmix,"24,727,190",Pending
2025/08/09 8:40,"880,360,629,036",Gearras,"28,219,848",Active
2025/08/09 8:40,"773,711,119,119",Magnos,"29,851,533",Pending
2025/08/09 8:40,"672,866,355,033",Epidemic,"74,042,332",Active
2025/08/09 18:54,"136,916,624,276",CashBaggins,"24,825,225",Active
2025/08/09 18:54,"903,049,412,215",Top,"22,103,509",Active
2025/08/09 18:54,"974,000,987,296",WaveofGratitude,"6,300,248",Active
2025/08/09 18:54,"501,946,555,879",GhostlyInsomnia,"39,142,366",Active
2025/08/09 18:54,"233,326,457,991",Kino,"10,728,330",Active
2025/08/09 18:54,"858,827,110,578",Claimses,"22,903,127",Active
2025/08/09 18:54,"820,033,818,439",d,"43,199,373",Active
2025/08/09 18:54,"877,841,519,612",Yuto,"52,902,107",Active
2025/08/09 18:54,"218,920,851,907",Dill Dough,"34,366,322",Active
2025/08/09 18:54,"759,332,989,174",Pygums,"34,079,504",Active
2025/08/09 18:54,"671,913,981,458",Eunoia,"15,666,218",Active
2025/08/09 18:54,"798,189,422,300",Ray,"24,561,995",Active
2025/08/09 18:54,"672,866,355,033",Epidemic,"74,958,956",Active
2025/08/09 18:54,"880,360,629,036",Gearras,"30,391,682",Active
2025/08/09 18:54,"461,448,286,660",Walzy,"9,280,624",Active
2025/08/09 18:54,"336,227,182,745",Keyevin,"11,480,965",Active
2025/08/09 18:54,"475,657,967,902",gumgum,"20,440,957",Active
2025/08/09 18:54,"751,211,063,525",Smokee,"22,807,576",Pending
2025/08/09 18:54,"192,341,494,286",paxmix,"25,873,733",Pending
2025/08/09 18:54,"773,711,119,119",Magnos,"30,132,210",Pending
2025/08/09 18:54,"215,127,827,107",Boredom,"53,851,688",Pending
2025/08/09 18:58,PENDING000,SmillBlisser,"28,246,592",Active
2025/08/09 18:58,PENDING001,StarLight,"18,712,751",Active
2025/08/09 18:58,PENDING002,cinciol,"10,026,129",Active
2025/08/09 20:20,"136,916,624,276",CashBaggins,"24,825,225",Active
2025/08/09 20:20,"903,049,412,215",Top,"22,460,032",Active
2025/08/09 20:20,"974,000,987,296",WaveofGratitude,"6,302,068",Active
2025/08/09 20:20,"501,946,555,879",GhostlyInsomnia,"39,142,366",Active
2025/08/09 20:20,"233,326,457,991",Kino,"10,728,330",Active
2025/08/09 20:20,"858,827,110,578",Claimses,"22,903,127",Active
2025/08/09 20:20,"820,033,818,439",d,"43,199,373",Active
2025/08/09 20:20,"877,841,519,612",Yuto,"52,902,107",Active
2025/08/09 20:20,"218,920,851,907",Dill Dough,"35,124,894",Active
2025/08/09 20:20,"759,332,989,174",Pygums,"34,079,504",Active
2025/08/09 20:20,"671,913,981,458",Eunoia,"15,675,013",Active
2025/08/09 20:20,"798,189,422,300",Ray,"24,561,995",Active
2025/08/09 20:20,"672,866,355,033",Epidemic,"74,958,956",Active
2025/08/09 20:20,"880,360,629,036",Gearras,"30,391,682",Active
2025/08/09 20:20,PENDING000,SmillBlisser,"28,246,592",Active
2025/08/09 20:20,PENDING001,StarLight,"18,712,751",Active
2025/08/09 20:20,PENDING002,cinciol,"10,026,129",Active
2025/08/09 20:18,"627,953,692,508",Iyy,"2,570,611",Active
2025/08/09 20:19,"627,953,692,508",Iyy,"2,570,611",Active
2025/08/09 20:20,"461,448,286,660",Walzy,"9,280,624",Active
2025/08/09 20:20,"336,227,182,745",Keyevin,"11,480,965",Active
2025/08/09 20:20,"475,657,967,902",gumgum,"20,440,957",Active
2025/08/09 20:20,"751,211,063,525",Smokee,"22,816,851",Pending
2025/08/09 20:20,"192,341,494,286",paxmix,"25,873,733",Pending
2025/08/09 20:20,"773,711,119,119",Magnos,"30,132,210",Pending
2025/08/09 20:20,"215,127,827,107",Boredom,"53,851,688",Pending
2025/08/09 21:30,"136,916,624,276",CashBaggins,"25,343,829",Active
2025/08/09 21:30,"903,049,412,215",Top,"22,460,032",Active
2025/08/09 21:30,"974,000,987,296",WaveofGratitude,"6,302,068",Active
2025/08/09 21:30,"501,946,555,879",GhostlyInsomnia,"39,142,366",Active
2025/08/09 21:30,"233,326,457,991",Kino,"11,198,479",Active
2025/08/09 21:30,"858,827,110,578",Claimses,"22,912,522",Active
2025/08/09 21:30,"820,033,818,439",d,"43,199,373",Active
2025/08/09 21:30,"877,841,519,612",Yuto,"52,904,012",Active
2025/08/09 21:30,"218,920,851,907",Dill Dough,"35,124,894",Active
2025/08/09 21:30,"759,332,989,174",Pygums,"34,079,504",Active
2025/08/09 21:30,"671,913,981,458",Eunoia,"16,121,986",Active
2025/08/09 21:30,"798,189,422,300",Ray,"24,561,995",Active
2025/08/09 21:30,"672,866,355,033",Epidemic,"74,958,956",Active
2025/08/09 21:30,"880,360,629,036",Gearras,"30,391,682",Active
2025/08/09 21:30,PENDING000,SmillBlisser,"28,246,592",Active
2025/08/09 21:30,PENDING001,StarLight,"18,712,751",Active
2025/08/09 21:30,PENDING002,cinciol,"10,026,129",Active
2025/08/09 21:30,"627,953,692,508",Iyy,"3,320,055",Active
2025/08/09 21:30,"461,448,286,660",Walzy,"9,280,624",Active
2025/08/09 21:30,"336,227,182,745",Keyevin,"11,480,965",Active
2025/08/09 21:30,"475,657,967,902",gumgum,"20,440,957",Active
2025/08/09 21:30,"751,211,063,525",Smokee,"23,120,705",Pending
2025/08/09 21:30,"192,341,494,286",paxmix,"25,873,733",Pending
2025/08/09 21:30,"773,711,119,119",Magnos,"30,762,639",Pending
2025/08/09 21:30,"215,127,827,107",Boredom,"53,851,688",Pending
2025/08/09 23:43,"136,916,624,276",CashBaggins,"25,343,829",Active
2025/08/09 23:43,"903,049,412,215",Top,"22,460,032",Active
2025/08/09 23:43,"974,000,987,296",WaveofGratitude,"6,302,068",Active
2025/08/09 23:43,"501,946,555,879",GhostlyInsomnia,"40,229,408",Active
2025/08/09 23:43,"233,326,457,991",Kino,"11,205,164",Active
2025/08/09 23:43,"858,827,110,578",Claimses,"23,042,891",Active
2025/08/09 23:43,"820,033,818,439",d,"43,199,373",Active
2025/08/09 23:43,"877,841,519,612",Yuto,"53,235,490",Active
2025/08/09 23:43,"218,920,851,907",Dill Dough,"35,124,894",Active
2025/08/09 23:43,"759,332,989,174",Pygums,"34,079,504",Active
2025/08/09 23:43,"671,913,981,458",Eunoia,"16,121,986",Active
2025/08/09 23:43,"798,189,422,300",Ray,"24,561,995",Active
2025/08/09 23:43,"672,866,355,033",Epidemic,"74,963,254",Active
2025/08/09 23:43,"880,360,629,036",Gearras,"30,391,682",Active
2025/08/09 23:43,PENDING000,SmillBlisser,"28,246,592",Active
2025/08/09 23:43,PENDING001,StarLight,"18,712,751",Active
2025/08/09 23:43,PENDING002,cinciol,"10,026,129",Active
2025/08/09 23:43,"627,953,692,508",Iyy,"3,321,295",Active
2025/08/09 23:43,"461,448,286,660",Walzy,"9,285,434",Active
2025/08/09 23:43,"336,227,182,745",Keyevin,"11,480,965",Active
2025/08/09 23:43,"475,657,967,902",gumgum,"20,440,957",Active
2025/08/09 23:43,"751,211,063,525",Smokee,"23,120,705",Pending
2025/08/09 23:43,"192,341,494,286",paxmix,"25,873,733",Pending
2025/08/09 23:43,"773,711,119,119",Magnos,"30,762,639",Pending
2025/08/09 23:43,"215,127,827,107",Boredom,"53,851,688",Pending
2025/08/10 1:57,"136,916,624,276",CashBaggins,"25,826,664",Active
2025/08/10 1:57,"903,049,412,215",Top,"22,461,933",Active
2025/08/10 1:57,"974,000,987,296",WaveofGratitude,"6,817,176",Active
2025/08/10 1:57,"501,946,555,879",GhostlyInsomnia,"40,229,408",Active
2025/08/10 1:57,"233,326,457,991",Kino,"11,205,164",Active
2025/08/10 1:57,"858,827,110,578",Claimses,"23,273,746",Active
2025/08/10 1:57,"820,033,818,439",d,"43,537,594",Active
2025/08/10 1:57,"877,841,519,612",Yuto,"53,235,490",Active
2025/08/10 1:57,"218,920,851,907",Dill Dough,"35,124,894",Active
2025/08/10 1:57,"759,332,989,174",Pygums,"34,079,504",Active
2025/08/10 1:57,"671,913,981,458",Eunoia,"16,551,429",Active
2025/08/10 1:57,"798,189,422,300",Ray,"24,561,995",Active
2025/08/10 1:57,"672,866,355,033",Epidemic,"75,816,147",Active
2025/08/10 1:57,"880,360,629,036",Gearras,"30,391,682",Active
2025/08/10 1:57,PENDING000,SmillBlisser,"28,252,874",Active
2025/08/10 1:57,PENDING001,StarLight,"18,712,751",Active
2025/08/10 1:57,PENDING002,cinciol,"10,026,129",Active
2025/08/10 1:57,"627,953,692,508",Iyy,"3,321,295",Active
2025/08/10 1:57,"461,448,286,660",Walzy,"9,362,355",Active
2025/08/10 1:57,"336,227,182,745",Keyevin,"11,480,965",Active
2025/08/10 1:57,"475,657,967,902",gumgum,"20,440,957",Active
2025/08/10 1:57,"751,211,063,525",Smokee,"23,120,705",Pending
2025/08/10 1:57,"192,341,494,286",paxmix,"26,139,696",Pending
2025/08/10 1:57,"773,711,119,119",Magnos,"30,762,639",Pending
2025/08/10 1:57,"215,127,827,107",Boredom,"53,925,459",Pending
2025/08/10 3:39,"136,916,624,276",CashBaggins,"25,826,664",Active
2025/08/10 3:39,"903,049,412,215",Top,"22,989,353",Active
2025/08/10 3:39,"974,000,987,296",WaveofGratitude,"7,244,233",Active
2025/08/10 3:39,"501,946,555,879",GhostlyInsomnia,"40,229,408",Active
2025/08/10 3:39,"233,326,457,991",Kino,"11,205,164",Active
2025/08/10 3:39,"858,827,110,578",Claimses,"23,458,713",Active
2025/08/10 3:39,"820,033,818,439",d,"43,537,594",Active
2025/08/10 3:39,"877,841,519,612",Yuto,"53,623,101",Active
2025/08/10 3:39,"218,920,851,907",Dill Dough,"35,129,582",Active
2025/08/10 3:39,"759,332,989,174",Pygums,"34,079,504",Active
2025/08/10 3:39,"671,913,981,458",Eunoia,"16,551,429",Active
2025/08/10 3:39,"798,189,422,300",Ray,"24,561,995",Active
2025/08/10 3:39,"672,866,355,033",Epidemic,"76,385,718",Active
2025/08/10 3:39,"880,360,629,036",Gearras,"30,400,932",Active
2025/08/10 3:39,PENDING000,SmillBlisser,"28,252,874",Active
2025/08/10 3:39,PENDING001,StarLight,"18,712,751",Active
2025/08/10 3:39,PENDING002,cinciol,"10,026,129",Active
2025/08/10 3:39,"627,953,692,508",Iyy,"3,707,555",Active
2025/08/10 3:39,"461,448,286,660",Walzy,"9,456,897",Active
2025/08/10 3:39,"336,227,182,745",Keyevin,"12,058,045",Active
2025/08/10 3:39,"475,657,967,902",gumgum,"20,450,745",Active
2025/08/10 3:39,"789,224,641,688",Twice,"43,811,702",Active
2025/08/10 3:39,"628,468,099,317",FaygoOrange,"10,676,558",Pending
2025/08/10 3:39,"751,211,063,525",Smokee,"23,126,050",Pending
2025/08/10 3:39,"192,341,494,286",paxmix,"26,139,696",Pending
2025/08/10 3:39,"773,711,119,119",Magnos,"30,762,639",Pending
2025/08/10 3:39,"215,127,827,107",Boredom,"54,276,519",Pending
2025/08/10 7:55,"136,916,624,276",CashBaggins,"25,832,388",Active
2025/08/10 7:55,"903,049,412,215",Top,"22,989,353",Active
2025/08/10 7:55,"974,000,987,296",WaveofGratitude,"7,244,233",Active
2025/08/10 7:55,"501,946,555,879",GhostlyInsomnia,"40,229,408",Active
2025/08/10 7:55,"233,326,457,991",Kino,"11,531,467",Active
2025/08/10 7:55,"858,827,110,578",Claimses,"24,529,953",Active
2025/08/10 7:55,"820,033,818,439",d,"43,537,594",Active
2025/08/10 7:55,"877,841,519,612",Yuto,"53,623,101",Active
2025/08/10 7:55,"218,920,851,907",Dill Dough,"35,763,041",Active
2025/08/10 7:55,"759,332,989,174",Pygums,"34,079,504",Active
2025/08/10 7:55,"671,913,981,458",Eunoia,"17,018,368",Active
2025/08/10 7:55,"798,189,422,300",Ray,"24,561,995",Active
2025/08/10 7:55,"672,866,355,033",Epidemic,"77,026,101",Active
2025/08/10 7:55,"880,360,629,036",Gearras,"30,766,876",Active
2025/08/10 7:55,PENDING000,SmillBlisser,"28,252,874",Active
2025/08/10 7:55,PENDING001,StarLight,"19,580,255",Active
2025/08/10 7:55,PENDING002,cinciol,"10,034,027",Active
2025/08/10 7:55,"627,953,692,508",Iyy,"4,138,486",Active
2025/08/10 7:55,"461,448,286,660",Walzy,"9,728,072",Active
2025/08/10 7:55,"336,227,182,745",Keyevin,"12,058,045",Active
2025/08/10 7:55,"475,657,967,902",gumgum,"21,032,937",Active
2025/08/10 7:55,"789,224,641,688",Twice,"44,137,712",Active
2025/08/10 7:55,"628,468,099,317",FaygoOrange,"10,955,426",Pending
2025/08/10 7:55,"875,289,491,964",Maslow,"17,872,460",Active
2025/08/10 7:55,"751,211,063,525",Smokee,"23,126,050",Pending
2025/08/10 7:55,"192,341,494,286",paxmix,"26,139,696",Pending
2025/08/10 7:55,"114,480,944,369",Trainer#3487,"28,199,772",Pending
2025/08/10 7:55,"773,711,119,119",Magnos,"30,762,639",Pending
2025/08/10 7:55,"215,127,827,107",Boredom,"54,630,618",Pending
2025/08/10 7:55,"830,268,572,889",Ermereas,"20,336,772",Active
2025/08/10 9:38,"136,916,624,276",CashBaggins,"26,750,121",Active
2025/08/10 9:38,"903,049,412,215",Top,"22,989,353",Active
2025/08/10 9:38,"974,000,987,296",WaveofGratitude,"7,244,233",Active
2025/08/10 9:38,"501,946,555,879",GhostlyInsomnia,"40,229,408",Active
2025/08/10 9:38,"233,326,457,991",Kino,"11,531,467",Active
2025/08/10 9:38,"858,827,110,578",Claimses,"24,564,548",Active
2025/08/10 9:38,"820,033,818,439",d,"43,537,594",Active
2025/08/10 9:38,"877,841,519,612",Yuto,"53,623,101",Active
2025/08/10 9:38,"218,920,851,907",Dill Dough,"35,763,041",Active
2025/08/10 9:38,"759,332,989,174",Pygums,"34,079,504",Active
2025/08/10 9:38,"671,913,981,458",Eunoia,"17,018,368",Active
2025/08/10 9:38,"798,189,422,300",Ray,"24,561,995",Active
2025/08/10 9:38,"672,866,355,033",Epidemic,"77,026,101",Active
2025/08/10 9:38,"880,360,629,036",Gearras,"30,766,876",Active
2025/08/10 9:38,PENDING000,SmillBlisser,"28,252,874",Active
2025/08/10 9:38,PENDING001,StarLight,"19,580,255",Active
2025/08/10 9:38,PENDING002,cinciol,"10,034,027",Active
2025/08/10 9:38,"627,953,692,508",Iyy,"4,138,486",Active
2025/08/10 9:38,"461,448,286,660",Walzy,"9,946,403",Active
2025/08/10 9:38,"336,227,182,745",Keyevin,"12,058,045",Active
2025/08/10 9:38,"475,657,967,902",gumgum,"21,032,937",Active
2025/08/10 9:38,"789,224,641,688",Twice,"44,760,307",Active
2025/08/10 9:38,"830,268,572,889",Ermereas,"21,272,357",Active
2025/08/10 9:38,"875,289,491,964",Maslow,"17,880,505",Active
2025/08/10 9:38,"628,468,099,317",FaygoOrange,"10,956,818",Pending
2025/08/10 9:38,"751,211,063,525",Smokee,"23,452,329",Pending
2025/08/10 9:38,"192,341,494,286",paxmix,"26,375,992",Pending
2025/08/10 9:38,"114,480,944,369",Trainer#3487,"28,199,772",Pending
2025/08/10 9:38,"773,711,119,119",Magnos,"30,762,639",Pending
2025/08/10 9:38,"215,127,827,107",Boredom,"54,632,357",Pending
2025/08/10 11:45,"136,916,624,276",CashBaggins,"27,162,334",Active
2025/08/10 11:45,"903,049,412,215",Top,"22,996,367",Active
2025/08/10 11:45,"974,000,987,296",WaveofGratitude,"7,246,198",Active
2025/08/10 11:45,"501,946,555,879",GhostlyInsomnia,"40,229,408",Active
2025/08/10 11:45,"233,326,457,991",Kino,"11,872,010",Active
2025/08/10 11:45,"858,827,110,578",Claimses,"24,564,548",Active
2025/08/10 11:45,"820,033,818,439",d,"43,537,594",Active
2025/08/10 11:45,"877,841,519,612",Yuto,"53,630,800",Active
2025/08/10 11:45,"218,920,851,907",Dill Dough,"35,763,041",Active
2025/08/10 11:45,"759,332,989,174",Pygums,"34,310,374",Active
2025/08/10 11:45,"671,913,981,458",Eunoia,"17,018,368",Active
2025/08/10 11:45,"798,189,422,300",Ray,"24,561,995",Active
2025/08/10 11:45,"672,866,355,033",Epidemic,"77,026,101",Active
2025/08/10 11:45,"880,360,629,036",Gearras,"30,772,310",Active
2025/08/10 11:45,PENDING000,SmillBlisser,"28,252,874",Active
2025/08/10 11:45,PENDING001,StarLight,"19,580,255",Active
2025/08/10 11:45,PENDING002,cinciol,"10,310,503",Active
2025/08/10 11:45,"627,953,692,508",Iyy,"4,138,486",Active
2025/08/10 11:45,"461,448,286,660",Walzy,"9,946,403",Active
2025/08/10 11:45,"336,227,182,745",Keyevin,"12,059,720",Active
2025/08/10 11:45,"475,657,967,902",gumgum,"21,032,937",Active
2025/08/10 11:45,"789,224,641,688",Twice,"45,062,338",Active
2025/08/10 11:45,"830,268,572,889",Ermereas,"21,272,358",Active
2025/08/10 11:45,"875,289,491,964",Maslow,"17,880,505",Active
2025/08/10 11:45,"628,468,099,317",FaygoOrange,"11,378,113",Pending
2025/08/10 11:45,"751,211,063,525",Smokee,"23,452,329",Pending
2025/08/10 11:45,"192,341,494,286",paxmix,"26,655,391",Pending
2025/08/10 11:45,"114,480,944,369",Trainer#3487,"28,201,468",Pending
2025/08/10 11:45,"773,711,119,119",Magnos,"30,762,639",Pending
2025/08/10 11:45,"215,127,827,107",Boredom,"54,632,357",Pending
2025/08/10 19:25,"136,916,624,276",CashBaggins,"27,743,366",Active
2025/08/10 19:25,"903,049,412,215",Top,"24,156,978",Active
2025/08/10 19:25,"974,000,987,296",WaveofGratitude,"8,051,161",Active
2025/08/10 19:25,"501,946,555,879",GhostlyInsomnia,"40,618,190",Active
2025/08/10 19:25,"233,326,457,991",Kino,"12,204,944",Active
2025/08/10 19:25,"858,827,110,578",Claimses,"24,564,548",Active
2025/08/10 19:25,"820,033,818,439",d,"45,049,518",Active
2025/08/10 19:25,"877,841,519,612",Yuto,"54,255,757",Active
2025/08/10 19:25,"218,920,851,907",Dill Dough,"36,127,171",Active
2025/08/10 19:25,"759,332,989,174",Pygums,"34,310,374",Active
2025/08/10 19:25,"671,913,981,458",Eunoia,"17,027,434",Active
2025/08/10 19:25,"798,189,422,300",Ray,"25,060,876",Active
2025/08/10 19:25,"672,866,355,033",Epidemic,"77,505,464",Active
2025/08/10 19:25,"880,360,629,036",Gearras,"31,892,328",Active
2025/08/10 19:25,PENDING000,SmillBlisser,"28,797,817",Active
2025/08/10 19:25,PENDING001,StarLight,"20,554,774",Active
2025/08/10 19:25,PENDING002,cinciol,"10,683,066",Active
2025/08/10 19:25,"627,953,692,508",Iyy,"4,870,324",Active
2025/08/10 19:25,"461,448,286,660",Walzy,"9,951,516",Active
2025/08/10 19:25,"336,227,182,745",Keyevin,"12,435,092",Active
2025/08/10 19:25,"475,657,967,902",gumgum,"21,397,982",Active
2025/08/10 19:25,"789,224,641,688",Twice,"45,062,338",Active
2025/08/10 19:25,"830,268,572,889",Ermereas,"21,272,358",Active
2025/08/10 19:25,"875,289,491,964",Maslow,"17,880,505",Active
2025/08/10 19:25,"628,468,099,317",FaygoOrange,"11,570,221",Pending
2025/08/10 19:25,"751,211,063,525",Smokee,"23,826,363",Pending
2025/08/10 19:25,"192,341,494,286",paxmix,"27,011,488",Pending
2025/08/10 19:25,"114,480,944,369",Trainer#3487,"28,697,279",Pending
2025/08/10 19:25,"773,711,119,119",Magnos,"31,537,564",Pending
2025/08/10 19:25,"215,127,827,107",Boredom,"55,302,119",Pending
2025/08/10 20:45,"136,916,624,276",CashBaggins,"27,752,668",Active
2025/08/10 20:45,"903,049,412,215",Top,"24,457,120",Active
2025/08/10 20:45,"974,000,987,296",WaveofGratitude,"8,053,925",Active
2025/08/10 20:45,"501,946,555,879",GhostlyInsomnia,"40,618,190",Active
2025/08/10 20:45,"233,326,457,991",Kino,"12,204,944",Active
2025/08/10 20:45,"858,827,110,578",Claimses,"24,573,426",Active
2025/08/10 20:45,"820,033,818,439",d,"45,052,981",Active
2025/08/10 20:45,"877,841,519,612",Yuto,"54,255,757",Active
2025/08/10 20:45,"218,920,851,907",Dill Dough,"36,127,171",Active
2025/08/10 20:45,"759,332,989,174",Pygums,"34,310,374",Active
2025/08/10 20:45,"671,913,981,458",Eunoia,"17,027,434",Active
2025/08/10 20:45,"798,189,422,300",Ray,"25,060,876",Active
2025/08/10 20:45,"672,866,355,033",Epidemic,"78,007,174",Active
2025/08/10 20:45,"880,360,629,036",Gearras,"31,892,328",Active
2025/08/10 20:45,PENDING000,SmillBlisser,"28,797,817",Active
2025/08/10 20:45,PENDING001,StarLight,"20,554,774",Active
2025/08/10 20:45,PENDING002,cinciol,"10,683,066",Active
2025/08/10 20:45,"627,953,692,508",Iyy,"4,870,324",Active
2025/08/10 20:45,"461,448,286,660",Walzy,"10,013,258",Active
2025/08/10 20:45,"336,227,182,745",Keyevin,"12,435,092",Active
2025/08/10 20:45,"475,657,967,902",gumgum,"21,397,982",Active
2025/08/10 20:45,"789,224,641,688",Twice,"45,067,467",Active
2025/08/10 20:45,"830,268,572,889",Ermereas,"21,923,232",Active
2025/08/10 20:45,"875,289,491,964",Maslow,"17,880,505",Active
2025/08/10 20:45,"628,468,099,317",FaygoOrange,"11,570,221",Pending
2025/08/10 20:45,"751,211,063,525",Smokee,"23,826,363",Pending
2025/08/10 20:45,"192,341,494,286",paxmix,"27,011,488",Pending
2025/08/10 20:45,"114,480,944,369",Trainer#3487,"28,697,279",Pending
2025/08/10 20:45,"773,711,119,119",Magnos,"31,537,564",Pending
2025/08/10 20:45,"215,127,827,107",Boredom,"55,302,119",Pending
2025/08/10 22:39,"136,916,624,276",CashBaggins,"27,752,668",Active
2025/08/10 22:39,"903,049,412,215",Top,"24,839,282",Active
2025/08/10 22:39,"974,000,987,296",WaveofGratitude,"8,507,033",Active
2025/08/10 22:39,"501,946,555,879",GhostlyInsomnia,"40,618,190",Active
2025/08/10 22:39,"233,326,457,991",Kino,"12,211,453",Active
2025/08/10 22:39,"858,827,110,578",Claimses,"24,573,426",Active
2025/08/10 22:39,"820,033,818,439",d,"45,422,517",Active
2025/08/10 22:39,"877,841,519,612",Yuto,"54,255,757",Active
2025/08/10 22:39,"218,920,851,907",Dill Dough,"36,845,870",Active
2025/08/10 22:39,"759,332,989,174",Pygums,"34,741,363",Active
2025/08/10 22:39,"671,913,981,458",Eunoia,"17,027,434",Active
2025/08/10 22:39,"798,189,422,300",Ray,"25,060,876",Active
2025/08/10 22:39,"672,866,355,033",Epidemic,"78,007,174",Active
2025/08/10 22:39,"880,360,629,036",Gearras,"31,892,328",Active
2025/08/10 22:39,PENDING000,SmillBlisser,"28,803,165",Active
2025/08/10 22:39,PENDING001,StarLight,"20,554,774",Active
2025/08/10 22:39,PENDING002,cinciol,"10,683,066",Active
2025/08/10 22:39,"627,953,692,508",Iyy,"4,871,557",Active
2025/08/10 22:39,"461,448,286,660",Walzy,"10,013,258",Active
2025/08/10 22:39,"336,227,182,745",Keyevin,"12,435,092",Active
2025/08/10 22:39,"475,657,967,902",gumgum,"21,397,982",Active
2025/08/10 22:39,"789,224,641,688",Twice,"45,276,209",Active
2025/08/10 22:39,"830,268,572,889",Ermereas,"21,923,232",Active
2025/08/10 22:39,"875,289,491,964",Maslow,"17,880,505",Active
2025/08/10 22:39,"628,468,099,317",FaygoOrange,"11,570,221",Pending
2025/08/10 22:39,"751,211,063,525",Smokee,"23,826,363",Pending
2025/08/10 22:39,"192,341,494,286",paxmix,"27,011,488",Pending
2025/08/10 22:39,"114,480,944,369",Trainer#3487,"28,697,279",Pending
2025/08/10 22:39,"773,711,119,119",Magnos,"31,913,552",Pending
2025/08/10 22:39,"215,127,827,107",Boredom,"55,302,119",Pending